"Порядковый номер";"Приоритет конкурса";"Подано согласие";"Сумма баллов";"Баллы за ВИ";"Баллы за ИД";"Статус";"Код поступающего";"Дата выбора конкурсной группы по Москве"
1;5;"—";300;"95 98 97";10;"Участвуете в конкурсе";1091323;"24.06.2026 в 13:07"
2;2;"—";288;"92 92 94";10;"Участвуете в конкурсе";1103251;"25.06.2026 в 05:22"
3;3;"—";282;"94 95 83";10;"Участвуете в конкурсе";1276094;"29.06.2026 в 21:57"
4;5;"—";276;"95 93 78";10;"На рассмотрении";1179689;"27.06.2026 в 21:30"
5;4;"—";275;"94 100 81";0;"Участвуете в конкурсе";1314767;"30.06.2026 в 11:59"
6;3;"—";275;"97 95 83";0;"На рассмотрении";1346548;"30.06.2026 в 17:15"
7;3;"—";275;"98 96 81";0;"Участвуете в конкурсе";1377546;"01.07.2026 в 09:43"
8;3;"—";275;"92 83 100";0;"На рассмотрении";1576806;"04.07.2026 в 12:56"
9;5;"—";274;"95 93 86";0;"Участвуете в конкурсе";1376252;"01.07.2026 в 09:25"
10;4;"Электронное";274;"82 85 97";10;"Участвуете в конкурсе";1010249;"22.06.2026 в 08:49"
11;4;"—";274;"88 85 91";10;"На рассмотрении";1254831;"29.06.2026 в 21:35"
12;3;"—";273;"94 93 86";0;"На рассмотрении";1318853;"30.06.2026 в 12:37"
13;3;"—";272;"90 88 94";0;"Участвуете в конкурсе";1398797;"01.07.2026 в 13:08"
14;1;"—";270;"94 85 91";0;"Участвуете в конкурсе";1428225;"01.07.2026 в 18:19"
15;5;"—";270;"86 88 86";10;"На рассмотрении";1253862;"29.06.2026 в 21:34"
16;5;"—";269;"82 83 94";10;"На рассмотрении";1240870;"29.06.2026 в 21:19"
17;5;"—";269;"90 88 81";10;"На рассмотрении";1261054;"29.06.2026 в 21:44"
18;5;"—";268;"88 95 75";10;"На рассмотрении";1136548;"26.06.2026 в 08:46"
19;1;"—";267;"80 90 97";0;"На рассмотрении";1389643;"04.07.2026 в 08:52"
20;5;"—";267;"88 93 86";0;"На рассмотрении";1423596;"01.07.2026 в 17:10"
21;4;"—";267;"88 88 81";10;"Участвуете в конкурсе";1234652;"29.06.2026 в 21:12"
22;2;"—";266;"84 93 89";0;"На рассмотрении";1265358;"29.06.2026 в 21:50"
23;5;"—";266;"84 88 94";0;"На рассмотрении";1346866;"30.06.2026 в 17:20"
24;3;"—";265;"84 93 78";10;"На рассмотрении";1205036;"28.06.2026 в 18:37"
25;2;"—";264;"88 90 86";0;"На рассмотрении";1506989;"02.07.2026 в 18:31"
26;5;"—";264;"96 90 78";0;"На рассмотрении";1606453;"04.07.2026 в 13:15"
27;5;"—";264;"90 78 86";10;"На рассмотрении";1248476;"29.06.2026 в 21:28"
28;4;"Электронное";263;"90 84 89";0;"На рассмотрении";1488114;"02.07.2026 в 14:44"
29;2;"Электронное";263;"74 90 89";10;"На рассмотрении";1040856;"28.06.2026 в 13:53"
30;5;"—";263;"84 83 86";10;"На рассмотрении";1245971;"29.06.2026 в 21:25"
31;4;"—";262;"88 88 86";0;"На рассмотрении";1346168;"03.07.2026 в 20:26"
32;5;"—";262;"90 79 83";10;"На рассмотрении";1263648;"29.06.2026 в 21:48"
33;3;"Электронное";261;"84 88 89";0;"Участвуете в конкурсе";1171619;"27.06.2026 в 15:23"
34;1;"—";261;"80 74 97";10;"На рассмотрении";1266918;"29.06.2026 в 21:52"
35;4;"—";260;"76 95 89";0;"На рассмотрении";1294316;"02.07.2026 в 14:50"
36;5;"—";260;"94 93 73";0;"На рассмотрении";1301370;"02.07.2026 в 16:19"
37;5;"—";260;"94 80 86";0;"На рассмотрении";1577629;"03.07.2026 в 19:22"
38;2;"—";259;"94 95 70";0;"На рассмотрении";1022300;"02.07.2026 в 15:36"
39;2;"—";259;"92 76 91";0;"Участвуете в конкурсе";1452069;"02.07.2026 в 08:29"
40;5;"Электронное";259;"86 90 83";0;"На рассмотрении";1455621;"02.07.2026 в 09:35"
41;3;"Электронное";258;"92 85 81";0;"На рассмотрении";1259728;"29.06.2026 в 21:42"
42;2;"—";258;"84 88 86";0;"На рассмотрении";1358508;"30.06.2026 в 20:44"
43;2;"—";258;"84 83 91";0;"На рассмотрении";1478697;"02.07.2026 в 13:18"
44;2;"—";258;"90 85 83";0;"На рассмотрении";1524873;"03.07.2026 в 06:41"
45;5;"—";257;"84 90 83";0;"На рассмотрении";1218169;"01.07.2026 в 18:47"
46;4;"—";257;"92 95 70";0;"На рассмотрении";1385051;"01.07.2026 в 11:04"
47;5;"—";257;"84 90 83";0;"На рассмотрении";1601501;"04.07.2026 в 11:57"
48;5;"—";257;"86 83 78";10;"На рассмотрении";1223081;"29.06.2026 в 21:04"
49;5;"—";257;"78 83 86";10;"На рассмотрении";1254957;"30.06.2026 в 08:20"
50;1;"—";256;"95 88 73";0;"На рассмотрении";1190764;"28.06.2026 в 12:47"
51;3;"—";256;"80 90 86";0;"На рассмотрении";1378627;"01.07.2026 в 09:57"
52;5;"—";256;"94 90 72";0;"На рассмотрении";1509835;"02.07.2026 в 19:25"
53;5;"—";256;"80 90 86";0;"На рассмотрении";1590818;"04.07.2026 в 08:47"
54;3;"—";256;"95 83 78";0;"На рассмотрении";1628024;"05.07.2026 в 00:57"
55;3;"—";256;"88 85 83";0;"Передано в вуз";1632536;"05.07.2026 в 11:29"
56;4;"—";256;"84 71 91";10;"На рассмотрении";1203542;"28.06.2026 в 17:55"
57;5;"—";255;"86 88 81";0;"На рассмотрении";1286299;"03.07.2026 в 20:53"
58;3;"—";255;"86 83 86";0;"На рассмотрении";1367250;"01.07.2026 в 01:01"
59;2;"—";255;"88 76 91";0;"На рассмотрении";1422327;"01.07.2026 в 16:53"
60;2;"—";255;"88 86 81";0;"На рассмотрении";1591713;"04.07.2026 в 09:14"
61;3;"—";255;"86 83 86";0;"На рассмотрении";1602251;"05.07.2026 в 07:06"
62;5;"—";255;"86 85 81";3;"На рассмотрении";1188294;"28.06.2026 в 11:36"
63;2;"—";255;"74 80 91";10;"На рассмотрении";1185330;"28.06.2026 в 09:40"
64;5;"—";255;"84 75 86";10;"На рассмотрении";1186375;"28.06.2026 в 10:30"
65;4;"—";254;"78 85 91";0;"На рассмотрении";1182932;"01.07.2026 в 08:08"
66;5;"—";254;"88 80 86";0;"На рассмотрении";1530926;"03.07.2026 в 09:35"
67;3;"—";254;"82 83 89";0;"На рассмотрении";1541269;"03.07.2026 в 14:01"
68;5;"—";253;"82 90 81";0;"На рассмотрении";1297491;"30.06.2026 в 16:38"
69;4;"—";253;"82 90 81";0;"На рассмотрении";1326209;"30.06.2026 в 13:54"
70;3;"—";253;"86 92 75";0;"На рассмотрении";1453315;"02.07.2026 в 08:58"
71;4;"—";253;"90 88 75";0;"На рассмотрении";1493829;"02.07.2026 в 15:39"
72;3;"—";253;"86 78 89";0;"На рассмотрении";1497561;"02.07.2026 в 16:20"
73;3;"—";253;"84 88 81";0;"На рассмотрении";1505654;"02.07.2026 в 18:07"
74;5;"—";253;"82 85 86";0;"На рассмотрении";1515470;"02.07.2026 в 21:18"
75;1;"—";253;"82 88 83";0;"На рассмотрении";1611339;"04.07.2026 в 14:46"
76;2;"—";253;"72 80 91";10;"На рассмотрении";1014334;"22.06.2026 в 10:24"
77;1;"—";253;"76 78 89";10;"На рассмотрении";1255572;"29.06.2026 в 21:36"
78;5;"—";252;"86 85 81";0;"Конкурсная группа исключена";1048018;"27.06.2026 в 07:48"
79;3;"—";252;"84 93 75";0;"На рассмотрении";1198851;"28.06.2026 в 20:01"
80;5;"—";252;"86 88 78";0;"На рассмотрении";1204474;"01.07.2026 в 19:05"
81;4;"—";252;"92 93 67";0;"На рассмотрении";1500184;"02.07.2026 в 16:48"
82;1;"—";252;"88 94 70";0;"На рассмотрении";1579909;"03.07.2026 в 20:22"
83;4;"—";252;"78 78 86";10;"На рассмотрении";1263148;"29.06.2026 в 21:47"
84;5;"—";251;"90 88 73";0;"На рассмотрении";1472220;"02.07.2026 в 12:22"
85;5;"—";251;"82 88 81";0;"На рассмотрении";1571315;"03.07.2026 в 18:37"
86;4;"—";251;"86 80 75";10;"На рассмотрении";994279;"29.06.2026 в 07:51"
87;2;"—";250;"95 80 75";0;"Передано в вуз";1167545;"05.07.2026 в 12:17"
88;5;"—";250;"82 90 78";0;"На рассмотрении";1283380;"29.06.2026 в 22:01"
89;2;"—";250;"92 83 75";0;"На рассмотрении";1327959;"30.06.2026 в 14:13"
90;5;"—";250;"82 95 73";0;"На рассмотрении";1344099;"30.06.2026 в 16:43"
91;4;"—";250;"84 93 73";0;"На рассмотрении";1403554;"01.07.2026 в 13:51"
92;5;"—";250;"84 88 78";0;"На рассмотрении";1426277;"01.07.2026 в 17:48"
93;3;"—";250;"84 100 66";0;"На рассмотрении";1453352;"02.07.2026 в 08:59"
94;4;"—";250;"92 83 75";0;"На рассмотрении";1488027;"02.07.2026 в 14:43"
95;5;"—";250;"92 88 70";0;"На рассмотрении";1508293;"02.07.2026 в 18:55"
96;5;"—";250;"82 85 83";0;"На рассмотрении";1536645;"03.07.2026 в 10:44"
97;4;"—";250;"86 85 69";10;"На рассмотрении";1220164;"29.06.2026 в 07:54"
98;3;"—";249;"86 72 91";0;"На рассмотрении";1199688;"05.07.2026 в 04:43"
99;5;"—";249;"86 80 83";0;"На рассмотрении";1202594;"28.06.2026 в 17:29"
100;3;"—";249;"84 82 83";0;"На рассмотрении";1247944;"30.06.2026 в 14:19"
101;5;"—";249;"86 93 70";0;"На рассмотрении";1341311;"30.06.2026 в 16:10"
102;3;"—";249;"84 90 75";0;"На рассмотрении";1356601;"30.06.2026 в 20:04"
103;3;"—";249;"92 85 72";0;"На рассмотрении";1371357;"01.07.2026 в 07:23"
104;5;"—";249;"78 85 86";0;"На рассмотрении";1439692;"01.07.2026 в 21:47"
105;2;"—";249;"80 86 83";0;"На рассмотрении";1476133;"02.07.2026 в 12:55"
106;1;"—";249;"84 68 97";0;"На рассмотрении";1595231;"04.07.2026 в 10:22"
107;3;"—";249;"86 88 75";0;"Передано в вуз";1631972;"05.07.2026 в 11:03"
108;5;"—";249;"78 80 81";10;"На рассмотрении";1314361;"30.06.2026 в 11:55"
109;5;"—";248;"86 92 70";0;"На рассмотрении";1188709;"28.06.2026 в 11:49"
110;5;"—";248;"95 72 81";0;"На рассмотрении";1219549;"29.06.2026 в 08:24"
111;4;"—";248;"82 83 83";0;"На рассмотрении";1313298;"30.06.2026 в 11:45"
112;3;"—";248;"96 83 69";0;"На рассмотрении";1335753;"30.06.2026 в 15:22"
113;3;"—";248;"84 75 89";0;"На рассмотрении";1421308;"01.07.2026 в 16:41"
114;5;"—";248;"86 90 72";0;"На рассмотрении";1494974;"02.07.2026 в 15:50"
115;4;"Электронное";248;"80 85 83";0;"На рассмотрении";1559594;"03.07.2026 в 17:46"
116;3;"—";248;"78 90 70";10;"На рассмотрении";1010093;"22.06.2026 в 08:44"
117;5;"—";247;"76 88 83";0;"На рассмотрении";1113324;"25.06.2026 в 10:31"
118;5;"—";247;"84 85 78";0;"На рассмотрении";1186886;"01.07.2026 в 13:23"
119;5;"—";247;"82 90 75";0;"На рассмотрении";1218012;"30.06.2026 в 19:38"
120;1;"—";247;"76 78 93";0;"На рассмотрении";1576203;"03.07.2026 в 19:02"
121;4;"—";247;"84 93 70";0;"Передано в вуз";1602215;"05.07.2026 в 12:31"
122;3;"—";246;"78 82 86";0;"На рассмотрении";1307414;"30.06.2026 в 10:49"
123;4;"—";246;"86 88 72";0;"Участвуете в конкурсе";1349984;"30.06.2026 в 18:08"
124;4;"—";246;"88 83 75";0;"На рассмотрении";1373180;"01.07.2026 в 08:23"
125;5;"—";246;"80 83 83";0;"На рассмотрении";1422692;"01.07.2026 в 16:58"
126;5;"—";246;"82 83 81";0;"На рассмотрении";1438763;"01.07.2026 в 22:21"
127;1;"—";246;"80 85 81";0;"На рассмотрении";1501129;"02.07.2026 в 17:00"
128;4;"—";246;"90 84 72";0;"На рассмотрении";1504538;"02.07.2026 в 17:50"
129;5;"—";245;"84 80 81";0;"На рассмотрении";1163152;"01.07.2026 в 07:25"
130;2;"—";245;"80 90 75";0;"Участвуете в конкурсе";1241908;"29.06.2026 в 21:20"
131;5;"—";245;"86 93 66";0;"На рассмотрении";1347761;"30.06.2026 в 17:33"
132;2;"—";245;"84 72 89";0;"Участвуете в конкурсе";1353857;"30.06.2026 в 19:15"
133;4;"—";245;"84 83 78";0;"На рассмотрении";1373353;"03.07.2026 в 08:03"
134;4;"—";245;"76 88 81";0;"На рассмотрении";1466407;"02.07.2026 в 11:26"
135;3;"—";245;"76 80 89";0;"На рассмотрении";1516469;"03.07.2026 в 17:45"
136;5;"—";245;"82 80 73";10;"На рассмотрении";1258518;"29.06.2026 в 21:40"
137;3;"—";245;"86 74 75";10;"На рассмотрении";1316442;"30.06.2026 в 12:15"
138;2;"—";244;"86 80 78";0;"На рассмотрении";990734;"28.06.2026 в 11:04"
139;4;"—";244;"78 83 83";0;"На рассмотрении";1207771;"28.06.2026 в 19:51"
140;5;"—";244;"86 83 75";0;"На рассмотрении";1304346;"30.06.2026 в 10:14"
141;1;"—";244;"86 83 75";0;"На рассмотрении";1514169;"02.07.2026 в 21:22"
142;4;"Электронное";244;"82 79 83";0;"На рассмотрении";1523870;"03.07.2026 в 14:19"
143;3;"—";244;"82 90 72";0;"На рассмотрении";1573870;"03.07.2026 в 18:49"
144;2;"Электронное";244;"82 79 83";0;"На рассмотрении";1582186;"03.07.2026 в 21:28"
145;1;"—";244;"78 80 86";0;"На рассмотрении";1597103;"04.07.2026 в 10:52"
146;1;"—";244;"86 85 73";0;"На рассмотрении";1616145;"04.07.2026 в 16:36"
147;5;"—";244;"80 83 81";0;"На рассмотрении";1628874;"05.07.2026 в 05:12"
148;4;"—";243;"80 90 73";0;"На рассмотрении";1101400;"02.07.2026 в 11:07"
149;2;"Электронное";243;"84 73 86";0;"На рассмотрении";1166504;"27.06.2026 в 12:23"
150;1;"—";243;"74 75 94";0;"На рассмотрении";1184094;"28.06.2026 в 08:09"
151;5;"—";243;"80 80 83";0;"На рассмотрении";1232375;"29.06.2026 в 21:11"
152;4;"—";243;"80 88 75";0;"На рассмотрении";1383107;"01.07.2026 в 10:46"
153;5;"—";243;"84 80 69";10;"Конкурсная группа исключена";1217880;"29.06.2026 в 07:32"
154;2;"—";243;"72 78 83";10;"Конкурсная группа исключена";1299399;"30.06.2026 в 09:02"
155;3;"Бумажное";242;"84 83 75";0;"На рассмотрении";1135750;"26.06.2026 в 07:49"
156;5;"—";242;"84 85 73";0;"На рассмотрении";1241928;"29.06.2026 в 21:20"
157;2;"—";242;"86 83 73";0;"На рассмотрении";1281415;"01.07.2026 в 15:03"
158;3;"—";242;"84 85 73";0;"На рассмотрении";1295031;"30.06.2026 в 06:55"
159;5;"—";242;"78 83 81";0;"На рассмотрении";1410852;"01.07.2026 в 14:55"
160;3;"—";242;"82 93 67";0;"На рассмотрении";1509426;"02.07.2026 в 19:16"
161;4;"—";242;"84 75 83";0;"На рассмотрении";1549565;"03.07.2026 в 17:03"
162;4;"—";242;"84 72 86";0;"На рассмотрении";1562587;"03.07.2026 в 18:01"
163;2;"—";242;"82 88 72";0;"На рассмотрении";1576357;"03.07.2026 в 19:03"
164;3;"—";242;"76 84 72";10;"На рассмотрении";950593;"30.06.2026 в 04:33"
165;1;"—";241;"78 88 75";0;"На рассмотрении";1008665;"29.06.2026 в 21:38"
166;2;"—";241;"82 84 75";0;"На рассмотрении";1102441;"28.06.2026 в 18:53"
167;5;"—";241;"82 78 81";0;"На рассмотрении";1219211;"29.06.2026 в 21:06"
168;3;"—";241;"84 88 69";0;"На рассмотрении";1341258;"04.07.2026 в 14:04"
169;1;"—";241;"84 85 72";0;"На рассмотрении";1351165;"30.06.2026 в 18:27"
170;2;"—";241;"90 78 73";0;"Участвуете в конкурсе";1351408;"30.06.2026 в 18:31"
171;5;"—";241;"82 86 73";0;"На рассмотрении";1451699;"02.07.2026 в 08:20"
172;3;"—";241;"80 78 83";0;"На рассмотрении";1532807;"03.07.2026 в 10:01"
173;5;"—";241;"82 80 69";10;"На рассмотрении";1448109;"02.07.2026 в 05:47"
174;3;"—";240;"80 88 72";0;"На рассмотрении";1013521;"22.06.2026 в 10:09"
175;5;"—";240;"80 85 75";0;"На рассмотрении";1231064;"29.06.2026 в 21:10"
176;4;"—";240;"88 82 70";0;"На рассмотрении";1276211;"01.07.2026 в 14:13"
177;2;"—";240;"74 85 81";0;"На рассмотрении";1281163;"02.07.2026 в 10:13"
178;5;"—";240;"82 80 78";0;"На рассмотрении";1345999;"30.06.2026 в 17:08"
179;4;"—";240;"84 75 81";0;"На рассмотрении";1509623;"02.07.2026 в 19:20"
180;5;"—";240;"92 76 72";0;"На рассмотрении";1515869;"02.07.2026 в 21:27"
181;4;"—";240;"92 67 81";0;"На рассмотрении";1573459;"03.07.2026 в 18:47"
182;2;"—";240;"80 77 83";0;"Передано в вуз";1596000;"05.07.2026 в 07:49"
183;4;"—";240;"82 85 73";0;"На рассмотрении";1622447;"04.07.2026 в 19:55"
184;5;"—";240;"84 83 73";0;"На рассмотрении";1622667;"04.07.2026 в 20:31"
185;2;"—";240;"82 77 81";0;"Передано в вуз";1635569;"05.07.2026 в 13:15"
186;1;"—";240;"88 78 64";10;"На рассмотрении";1201496;"28.06.2026 в 17:00"
187;4;"—";239;"76 85 78";0;"На рассмотрении";995956;"21.06.2026 в 14:48"
188;4;"—";239;"78 78 83";0;"На рассмотрении";1369107;"01.07.2026 в 05:19"
189;4;"—";239;"70 83 86";0;"На рассмотрении";1409272;"01.07.2026 в 14:41"
190;3;"—";239;"86 80 73";0;"На рассмотрении";1503957;"02.07.2026 в 17:41"
191;3;"—";239;"76 80 83";0;"На рассмотрении";1574260;"03.07.2026 в 18:51"
192;1;"—";239;"78 83 78";0;"На рассмотрении";1595263;"04.07.2026 в 10:22"
193;3;"—";239;"86 83 70";0;"На рассмотрении";1599000;"04.07.2026 в 11:21"
194;5;"—";239;"82 88 69";0;"На рассмотрении";1611834;"04.07.2026 в 18:38"
195;3;"—";239;"80 83 69";7;"На рассмотрении";1202340;"28.06.2026 в 19:17"
196;4;"—";238;"80 85 73";0;"На рассмотрении";1177493;"27.06.2026 в 19:35"
197;4;"—";238;"78 85 75";0;"На рассмотрении";1193153;"28.06.2026 в 13:44"
198;5;"—";238;"88 77 73";0;"На рассмотрении";1308293;"30.06.2026 в 13:40"
199;5;"—";238;"82 90 66";0;"На рассмотрении";1432276;"01.07.2026 в 19:29"
200;5;"—";238;"72 80 86";0;"На рассмотрении";1553698;"03.07.2026 в 18:16"
201;2;"—";238;"80 68 86";4;"На рассмотрении";1166361;"27.06.2026 в 12:19"
202;2;"—";238;"84 72 72";10;"На рассмотрении";1202267;"28.06.2026 в 17:20"
203;3;"—";237;"82 85 70";0;"На рассмотрении";1170002;"30.06.2026 в 08:04"
204;4;"—";237;"97 73 67";0;"На рассмотрении";1217542;"29.06.2026 в 05:47"
205;2;"—";237;"82 80 75";0;"На рассмотрении";1341155;"30.06.2026 в 16:08"
206;4;"—";237;"80 93 64";0;"На рассмотрении";1430033;"04.07.2026 в 15:00"
207;3;"—";237;"76 83 78";0;"На рассмотрении";1430983;"01.07.2026 в 19:06"
208;3;"—";237;"76 78 83";0;"На рассмотрении";1615118;"04.07.2026 в 16:10"
209;1;"—";237;"74 84 69";10;"На рассмотрении";1248821;"29.06.2026 в 21:28"
210;3;"—";236;"78 80 78";0;"На рассмотрении";1185106;"28.06.2026 в 09:27"
211;1;"—";236;"76 85 75";0;"На рассмотрении";1195053;"28.06.2026 в 14:29"
212;5;"—";236;"84 85 67";0;"На рассмотрении";1301829;"01.07.2026 в 12:48"
213;5;"—";236;"78 75 83";0;"На рассмотрении";1349366;"03.07.2026 в 19:32"
214;4;"—";236;"88 70 78";0;"На рассмотрении";1410095;"02.07.2026 в 23:04"
215;3;"—";236;"78 72 86";0;"На рассмотрении";1568143;"03.07.2026 в 19:42"
216;4;"—";236;"72 71 83";10;"На рассмотрении";1155942;"26.06.2026 в 19:39"
217;4;"—";235;"82 83 70";0;"На рассмотрении";1169112;"27.06.2026 в 13:51"
218;3;"—";235;"86 80 69";0;"На рассмотрении";1185150;"28.06.2026 в 10:05"
219;4;"—";235;"78 85 72";0;"На рассмотрении";1294894;"02.07.2026 в 07:05"
220;2;"—";235;"82 83 70";0;"На рассмотрении";1374611;"01.07.2026 в 08:57"
221;4;"—";235;"74 80 81";0;"На рассмотрении";1405668;"01.07.2026 в 14:10"
222;2;"—";235;"82 72 81";0;"На рассмотрении";1508105;"02.07.2026 в 18:52"
223;4;"—";235;"90 70 75";0;"На рассмотрении";1621532;"04.07.2026 в 19:21"
224;2;"—";235;"76 71 78";10;"Участвуете в конкурсе";1189422;"28.06.2026 в 12:10"
225;1;"—";234;"70 83 81";0;"На рассмотрении";1250830;"29.06.2026 в 21:30"
226;5;"—";234;"78 83 73";0;"На рассмотрении";1428378;"01.07.2026 в 18:22"
227;4;"—";234;"84 78 72";0;"На рассмотрении";1522799;"03.07.2026 в 02:22"
228;2;"—";234;"76 83 75";0;"На рассмотрении";1560935;"03.07.2026 в 17:54"
229;4;"Электронное";234;"82 74 69";9;"На рассмотрении";1268934;"29.06.2026 в 21:54"
230;4;"—";233;"84 80 69";0;"Конкурсная группа исключена";1176502;"29.06.2026 в 21:05"
231;3;"—";233;"82 79 72";0;"На рассмотрении";1249713;"29.06.2026 в 21:29"
232;2;"—";233;"78 83 72";0;"На рассмотрении";1250049;"01.07.2026 в 21:36"
233;1;"—";233;"80 78 75";0;"На рассмотрении";1282340;"01.07.2026 в 09:14"
234;4;"—";233;"78 85 70";0;"Передано в вуз";1416540;"05.07.2026 в 10:38"
235;2;"—";233;"74 78 81";0;"На рассмотрении";1425007;"02.07.2026 в 19:59"
236;1;"—";233;"78 77 78";0;"На рассмотрении";1441727;"01.07.2026 в 22:31"
237;4;"Электронное";233;"72 83 78";0;"На рассмотрении";1528192;"03.07.2026 в 21:29"
238;4;"—";233;"86 72 75";0;"На рассмотрении";1594535;"04.07.2026 в 10:10"
239;5;"—";233;"78 64 81";10;"Конкурсная группа исключена";1160671;"30.06.2026 в 06:01"
240;5;"—";232;"74 83 75";0;"На рассмотрении";1181664;"28.06.2026 в 01:01"
241;4;"—";232;"86 80 66";0;"Конкурсная группа исключена";1222345;"29.06.2026 в 08:51"
242;5;"—";232;"76 83 73";0;"На рассмотрении";1265451;"29.06.2026 в 21:50"
243;2;"—";232;"74 67 91";0;"На рассмотрении";1401809;"01.07.2026 в 13:34"
244;1;"—";232;"74 88 70";0;"На рассмотрении";1478291;"02.07.2026 в 13:15"
245;5;"—";232;"74 80 78";0;"Передано в вуз";1618765;"05.07.2026 в 15:34"
246;2;"—";232;"72 75 81";4;"Конкурсная группа исключена";1221843;"29.06.2026 в 08:40"
247;5;"—";231;"76 77 78";0;"На рассмотрении";1124287;"25.06.2026 в 15:10"
248;4;"—";231;"80 78 73";0;"На рассмотрении";1191663;"04.07.2026 в 18:45"
249;5;"—";231;"86 75 70";0;"На рассмотрении";1260747;"29.06.2026 в 21:44"
250;4;"—";231;"78 83 70";0;"На рассмотрении";1403802;"01.07.2026 в 13:52"
251;3;"—";231;"80 78 73";0;"На рассмотрении";1435095;"01.07.2026 в 20:20"
252;1;"—";231;"82 80 69";0;"На рассмотрении";1439629;"03.07.2026 в 20:41"
253;5;"—";231;"76 83 72";0;"На рассмотрении";1447492;"02.07.2026 в 04:48"
254;3;"—";231;"78 80 73";0;"На рассмотрении";1555215;"03.07.2026 в 17:20"
255;4;"—";231;"80 70 81";0;"На рассмотрении";1556977;"03.07.2026 в 17:29"
256;2;"Электронное";231;"80 70 81";0;"На рассмотрении";1588290;"04.07.2026 в 06:07"
257;4;"Электронное";230;"80 80 70";0;"На рассмотрении";1176205;"27.06.2026 в 18:35"
258;1;"Электронное";230;"86 80 64";0;"Передано в вуз";1188071;"05.07.2026 в 10:06"
259;2;"—";230;"74 78 78";0;"На рассмотрении";1188411;"28.06.2026 в 11:39"
260;4;"—";230;"76 82 72";0;"На рассмотрении";1201977;"28.06.2026 в 17:13"
261;4;"—";230;"84 83 63";0;"На рассмотрении";1203216;"28.06.2026 в 17:46"
262;5;"—";230;"80 67 83";0;"На рассмотрении";1208930;"28.06.2026 в 20:23"
263;1;"—";230;"88 78 64";0;"На рассмотрении";1339812;"30.06.2026 в 15:53"
264;4;"—";230;"74 78 78";0;"На рассмотрении";1451244;"04.07.2026 в 08:36"
265;3;"Электронное";230;"82 75 73";0;"Участвуете в конкурсе";1458040;"02.07.2026 в 10:04"
266;4;"—";230;"78 71 81";0;"На рассмотрении";1473144;"02.07.2026 в 12:27"
267;1;"—";230;"82 78 70";0;"На рассмотрении";1572030;"03.07.2026 в 18:40"
268;5;"—";230;"74 80 66";10;"На рассмотрении";1295326;"30.06.2026 в 06:56"
269;4;"—";229;"74 88 67";0;"Участвуете в конкурсе";1404476;"01.07.2026 в 13:59"
270;1;"Электронное";229;"76 72 81";0;"Участвуете в конкурсе";1453531;"02.07.2026 в 09:47"
271;3;"—";229;"84 88 57";0;"На рассмотрении";1544756;"03.07.2026 в 16:21"
272;4;"—";228;"78 83 67";0;"На рассмотрении";1217972;"29.06.2026 в 21:22"
273;1;"—";228;"72 78 78";0;"На рассмотрении";1247169;"01.07.2026 в 17:08"
274;2;"—";228;"78 72 78";0;"На рассмотрении";1327195;"30.06.2026 в 14:05"
275;3;"—";228;"76 80 72";0;"На рассмотрении";1331342;"30.06.2026 в 15:16"
276;3;"—";228;"82 80 66";0;"На рассмотрении";1406737;"01.07.2026 в 14:19"
277;2;"—";228;"70 80 78";0;"На рассмотрении";1420600;"03.07.2026 в 10:20"
278;4;"—";228;"80 75 73";0;"На рассмотрении";1431399;"01.07.2026 в 19:13"
279;5;"—";228;"78 72 78";0;"На рассмотрении";1461954;"02.07.2026 в 10:44"
280;5;"—";228;"80 88 60";0;"На рассмотрении";1488013;"02.07.2026 в 14:43"
281;3;"—";228;"80 88 60";0;"На рассмотрении";1502865;"02.07.2026 в 18:15"
282;3;"—";228;"70 80 78";0;"На рассмотрении";1574006;"03.07.2026 в 18:50"
283;1;"Электронное";228;"78 75 75";0;"На рассмотрении";1589752;"04.07.2026 в 08:00"
284;1;"—";228;"76 85 67";0;"На рассмотрении";1609073;"04.07.2026 в 14:01"
285;5;"—";228;"78 64 86";0;"Передано в вуз";1631275;"05.07.2026 в 10:29"
286;2;"—";228;"78 78 72";0;"Передано в вуз";1633333;"05.07.2026 в 12:00"
287;5;"—";228;"76 72 70";10;"На рассмотрении";1240826;"29.06.2026 в 21:19"
288;2;"—";227;"80 75 72";0;"На рассмотрении";1187767;"28.06.2026 в 11:20"
289;4;"—";227;"80 75 72";0;"Передано в вуз";1253926;"05.07.2026 в 15:09"
290;5;"Бумажное";227;"86 75 66";0;"Участвуете в конкурсе";1314807;"30.06.2026 в 11:59"
291;2;"—";227;"84 83 60";0;"На рассмотрении";1392785;"01.07.2026 в 12:15"
292;1;"—";227;"80 75 72";0;"Конкурсная группа исключена";1407589;"01.07.2026 в 14:26"
293;4;"—";227;"80 72 75";0;"На рассмотрении";1618580;"04.07.2026 в 17:43"
294;4;"—";226;"78 78 70";0;"На рассмотрении";1254989;"29.06.2026 в 21:36"
295;5;"—";226;"84 72 70";0;"На рассмотрении";1357066;"30.06.2026 в 20:14"
296;1;"Электронное";226;"74 83 69";0;"Участвуете в конкурсе";1429937;"01.07.2026 в 18:48"
297;4;"—";226;"78 75 73";0;"На рассмотрении";1479217;"02.07.2026 в 13:23"
298;2;"—";226;"74 70 72";10;"На рассмотрении";1299148;"30.06.2026 в 08:57"
299;4;"—";225;"78 78 69";0;"На рассмотрении";1193988;"28.06.2026 в 14:04"
300;3;"—";225;"72 78 75";0;"На рассмотрении";1198883;"28.06.2026 в 17:36"
301;2;"—";225;"78 75 72";0;"Передано в вуз";1220130;"05.07.2026 в 10:57"
302;5;"—";225;"72 75 78";0;"На рассмотрении";1308190;"30.06.2026 в 10:56"
303;5;"—";225;"80 70 75";0;"На рассмотрении";1326918;"01.07.2026 в 09:58"
304;4;"—";225;"70 72 83";0;"На рассмотрении";1407482;"01.07.2026 в 14:26"
305;3;"—";225;"78 75 72";0;"На рассмотрении";1408101;"01.07.2026 в 14:31"
306;4;"—";225;"84 80 61";0;"Передано в вуз";1434973;"05.07.2026 в 15:24"
307;1;"—";225;"70 83 72";0;"На рассмотрении";1494451;"02.07.2026 в 15:45"
308;2;"—";225;"72 78 75";0;"На рассмотрении";1549472;"03.07.2026 в 17:03"
309;5;"—";225;"80 62 83";0;"На рассмотрении";1623010;"04.07.2026 в 20:18"
310;1;"—";225;"76 70 75";4;"На рассмотрении";1268543;"29.06.2026 в 21:54"
311;2;"—";225;"70 62 83";10;"На рассмотрении";1237355;"30.06.2026 в 06:53"
312;5;"—";224;"76 85 63";0;"На рассмотрении";1173798;"27.06.2026 в 16:56"
313;4;"—";224;"74 80 70";0;"На рассмотрении";1307095;"30.06.2026 в 10:45"
314;3;"—";224;"74 75 75";0;"На рассмотрении";1309426;"30.06.2026 в 12:04"
315;5;"—";224;"76 70 78";0;"На рассмотрении";1321662;"30.06.2026 в 13:05"
316;5;"—";224;"80 75 69";0;"На рассмотрении";1610983;"04.07.2026 в 14:39"
317;3;"—";223;"74 80 69";0;"На рассмотрении";1185050;"28.06.2026 в 09:24"
318;4;"—";223;"84 75 64";0;"На рассмотрении";1261473;"29.06.2026 в 21:45"
319;3;"Электронное";223;"78 72 73";0;"На рассмотрении";1344147;"30.06.2026 в 16:43"
320;5;"—";223;"70 75 78";0;"Конкурсная группа исключена";1411273;"01.07.2026 в 14:59"
321;1;"—";223;"78 78 67";0;"На рассмотрении";1518922;"02.07.2026 в 23:01"
322;4;"—";223;"82 78 63";0;"На рассмотрении";1526095;"03.07.2026 в 07:39"
323;4;"—";223;"82 78 63";0;"На рассмотрении";1561501;"04.07.2026 в 20:53"
324;4;"—";223;"70 78 75";0;"На рассмотрении";1621656;"04.07.2026 в 19:26"
325;1;"—";222;"80 64 78";0;"Конкурсная группа исключена";1183434;"29.06.2026 в 21:22"
326;4;"Электронное";222;"84 78 60";0;"На рассмотрении";1258750;"29.06.2026 в 21:41"
327;4;"—";222;"80 78 64";0;"На рассмотрении";1345916;"30.06.2026 в 17:06"
328;2;"—";222;"74 76 72";0;"Участвуете в конкурсе";1400878;"01.07.2026 в 13:26"
329;5;"—";222;"76 80 66";0;"На рассмотрении";1421353;"01.07.2026 в 16:41"
330;4;"—";222;"72 77 73";0;"Передано в вуз";1424524;"05.07.2026 в 10:48"
331;3;"—";221;"74 75 72";0;"Конкурсная группа исключена";1191764;"28.06.2026 в 14:44"
332;1;"—";221;"76 70 75";0;"На рассмотрении";1242184;"29.06.2026 в 21:20"
333;4;"—";221;"80 75 66";0;"Конкурсная группа исключена";1295923;"30.06.2026 в 15:29"
334;4;"—";221;"74 78 69";0;"На рассмотрении";1304420;"02.07.2026 в 08:34"
335;3;"—";221;"70 70 81";0;"На рассмотрении";1408430;"01.07.2026 в 14:34"
336;3;"—";221;"84 67 70";0;"На рассмотрении";1609712;"04.07.2026 в 14:14"
337;4;"—";221;"76 65 70";10;"На рассмотрении";1237253;"29.06.2026 в 21:15"
338;3;"—";220;"68 80 72";0;"На рассмотрении";1048672;"23.06.2026 в 09:22"
339;1;"—";220;"84 67 69";0;"На рассмотрении";1186341;"28.06.2026 в 10:29"
340;2;"—";220;"72 78 70";0;"На рассмотрении";1187371;"28.06.2026 в 11:07"
341;4;"—";220;"78 78 64";0;"На рассмотрении";1302035;"02.07.2026 в 09:48"
342;3;"—";220;"80 70 70";0;"На рассмотрении";1349139;"02.07.2026 в 22:01"
343;4;"—";220;"80 80 60";0;"На рассмотрении";1407738;"01.07.2026 в 14:28"
344;4;"—";220;"70 78 72";0;"На рассмотрении";1578446;"03.07.2026 в 19:43"
345;5;"—";219;"72 75 72";0;"На рассмотрении";1213410;"30.06.2026 в 09:33"
346;4;"—";219;"80 70 69";0;"На рассмотрении";1223506;"29.06.2026 в 21:04"
347;5;"—";219;"74 72 73";0;"Конкурсная группа исключена";1518824;"02.07.2026 в 22:39"
348;2;"—";219;"76 83 57";3;"На рассмотрении";1185593;"28.06.2026 в 09:55"
349;1;"—";218;"82 72 64";0;"На рассмотрении";1325820;"30.06.2026 в 13:49"
350;5;"—";218;"70 70 78";0;"На рассмотрении";1335531;"30.06.2026 в 15:21"
351;1;"—";218;"76 73 69";0;"На рассмотрении";1371248;"01.07.2026 в 07:20"
352;5;"—";218;"74 75 69";0;"На рассмотрении";1515994;"02.07.2026 в 21:30"
353;4;"—";218;"64 88 66";0;"На рассмотрении";1572812;"03.07.2026 в 18:44"
354;4;"—";217;"78 70 69";0;"На рассмотрении";1336562;"30.06.2026 в 15:22"
355;4;"—";217;"80 64 73";0;"На рассмотрении";1417480;"01.07.2026 в 15:58"
356;1;"—";217;"72 70 75";0;"На рассмотрении";1579746;"03.07.2026 в 20:17"
357;2;"—";217;"78 67 72";0;"На рассмотрении";1589712;"04.07.2026 в 07:58"
358;2;"—";217;"72 64 81";0;"На рассмотрении";1612277;"04.07.2026 в 15:06"
359;4;"Электронное";216;"78 71 67";0;"Конкурсная группа исключена";1088148;"24.06.2026 в 18:56"
360;1;"—";216;"72 59 85";0;"На рассмотрении";1116687;"25.06.2026 в 11:56"
361;3;"—";216;"82 65 69";0;"На рассмотрении";1189096;"28.06.2026 в 12:01"
362;3;"—";216;"82 59 75";0;"На рассмотрении";1258676;"29.06.2026 в 21:41"
363;1;"—";216;"74 67 75";0;"На рассмотрении";1297405;"30.06.2026 в 08:12"
364;5;"—";216;"76 70 70";0;"На рассмотрении";1314178;"30.06.2026 в 11:53"
365;4;"—";216;"82 68 66";0;"На рассмотрении";1564452;"03.07.2026 в 18:07"
366;4;"—";215;"70 78 67";0;"На рассмотрении";1156403;"26.06.2026 в 20:13"
367;1;"—";215;"76 72 67";0;"На рассмотрении";1448302;"02.07.2026 в 16:28"
368;5;"—";215;"76 67 72";0;"На рассмотрении";1502940;"02.07.2026 в 17:26"
369;1;"—";215;"70 70 75";0;"На рассмотрении";1599179;"04.07.2026 в 11:54"
370;3;"—";214;"86 67 61";0;"Конкурсная группа исключена";1258125;"29.06.2026 в 21:40"
371;4;"—";214;"74 80 60";0;"На рассмотрении";1479286;"02.07.2026 в 13:24"
372;2;"—";214;"78 64 72";0;"На рассмотрении";1547973;"03.07.2026 в 16:47"
373;4;"—";214;"72 72 70";0;"На рассмотрении";1605680;"04.07.2026 в 13:03"
374;1;"Электронное";213;"76 71 66";0;"Участвуете в конкурсе";1181022;"27.06.2026 в 22:55"
375;1;"—";213;"76 67 70";0;"На рассмотрении";1208344;"28.06.2026 в 20:07"
376;4;"—";213;"76 70 67";0;"На рассмотрении";1370915;"01.07.2026 в 07:48"
377;1;"—";213;"74 67 72";0;"На рассмотрении";1387535;"01.07.2026 в 11:27"
378;2;"—";212;"76 67 69";0;"На рассмотрении";1298776;"30.06.2026 в 08:48"
379;1;"—";212;"64 75 73";0;"На рассмотрении";1428432;"01.07.2026 в 18:23"
380;4;"—";212;"70 75 67";0;"На рассмотрении";1461874;"02.07.2026 в 10:43"
381;1;"Электронное";212;"78 61 73";0;"На рассмотрении";1470537;"02.07.2026 в 12:04"
382;3;"—";212;"78 64 70";0;"На рассмотрении";1487401;"02.07.2026 в 14:38"
383;4;"—";212;"58 80 64";10;"На рассмотрении";1294671;"30.06.2026 в 06:23"
384;2;"—";211;"72 72 67";0;"На рассмотрении";1115421;"30.06.2026 в 14:25"
385;3;"—";211;"72 72 67";0;"На рассмотрении";1184533;"28.06.2026 в 08:49"
386;3;"—";211;"72 78 61";0;"На рассмотрении";1196423;"28.06.2026 в 15:01"
387;4;"—";211;"78 72 61";0;"На рассмотрении";1417418;"01.07.2026 в 15:57"
388;4;"—";211;"76 75 60";0;"На рассмотрении";1505460;"02.07.2026 в 18:04"
389;1;"—";211;"78 70 63";0;"На рассмотрении";1551488;"03.07.2026 в 17:09"
390;3;"—";211;"76 70 61";4;"На рассмотрении";1268140;"29.06.2026 в 21:54"
391;4;"—";210;"80 64 66";0;"На рассмотрении";1500436;"02.07.2026 в 16:52"
392;4;"—";210;"72 72 66";0;"На рассмотрении";1510902;"02.07.2026 в 19:47"
393;1;"—";210;"76 62 72";0;"На рассмотрении";1553078;"03.07.2026 в 17:14"
394;1;"—";209;"70 75 64";0;"На рассмотрении";1186148;"28.06.2026 в 10:21"
395;1;"—";209;"64 70 75";0;"Конкурсная группа исключена";1216456;"03.07.2026 в 18:53"
396;3;"—";209;"70 70 69";0;"Конкурсная группа исключена";1244842;"29.06.2026 в 21:23"
397;1;"—";209;"64 72 73";0;"На рассмотрении";1327174;"04.07.2026 в 04:47"
398;4;"—";209;"78 67 64";0;"На рассмотрении";1377052;"01.07.2026 в 13:41"
399;5;"—";209;"80 51 78";0;"На рассмотрении";1468845;"02.07.2026 в 11:48"
400;5;"—";209;"74 72 63";0;"На рассмотрении";1508929;"02.07.2026 в 19:07"
401;3;"—";209;"72 62 75";0;"На рассмотрении";1592934;"04.07.2026 в 09:39"
402;5;"—";209;"72 67 67";3;"На рассмотрении";1197201;"28.06.2026 в 15:20"
403;1;"—";209;"70 46 83";10;"На рассмотрении";1204943;"28.06.2026 в 18:35"
404;4;"—";208;"70 80 58";0;"На рассмотрении";1206014;"03.07.2026 в 22:56"
405;4;"—";208;"72 70 66";0;"На рассмотрении";1242732;"29.06.2026 в 21:21"
406;2;"—";208;"76 59 69";4;"На рассмотрении";1260134;"29.06.2026 в 21:43"
407;2;"—";207;"70 67 70";0;"На рассмотрении";1245863;"29.06.2026 в 21:25"
408;1;"—";206;"78 67 61";0;"На рассмотрении";1577459;"03.07.2026 в 19:17"
409;5;"—";206;"70 62 73";1;"На рассмотрении";1198762;"28.06.2026 в 15:56"
410;1;"Электронное";205;"70 78 57";0;"На рассмотрении";967086;"20.06.2026 в 13:32"
411;1;"—";205;"72 67 66";0;"На рассмотрении";988579;"21.06.2026 в 07:54"
412;1;"—";205;"78 75 52";0;"На рассмотрении";1333972;"30.06.2026 в 15:19"
413;2;"—";205;"72 78 55";0;"На рассмотрении";1346790;"30.06.2026 в 17:19"
414;1;"—";205;"74 64 67";0;"На рассмотрении";1495896;"02.07.2026 в 15:59"
415;1;"—";205;"76 54 75";0;"На рассмотрении";1608540;"04.07.2026 в 13:51"
416;3;"—";204;"82 64 58";0;"На рассмотрении";943618;"04.07.2026 в 15:56"
417;4;"—";204;"78 62 64";0;"На рассмотрении";1119195;"25.06.2026 в 12:58"
418;5;"—";204;"74 75 55";0;"Конкурсная группа исключена";1316692;"30.06.2026 в 12:17"
419;1;"—";204;"72 62 70";0;"Передано в вуз";1429132;"05.07.2026 в 14:54"
420;2;"Электронное";203;"64 58 81";0;"Конкурсная группа исключена";988633;"21.06.2026 в 08:00"
421;3;"—";203;"84 64 55";0;"На рассмотрении";1103259;"30.06.2026 в 18:32"
422;2;"—";203;"70 78 55";0;"На рассмотрении";1340127;"03.07.2026 в 13:56"
423;5;"—";203;"78 67 58";0;"На рассмотрении";1529149;"03.07.2026 в 09:51"
424;5;"—";203;"78 62 63";0;"На рассмотрении";1539118;"03.07.2026 в 13:57"
425;2;"—";203;"64 67 72";0;"На рассмотрении";1557888;"03.07.2026 в 17:35"
426;2;"Электронное";202;"70 72 60";0;"Участвуете в конкурсе";1210371;"28.06.2026 в 21:05"
427;2;"—";202;"64 72 66";0;"На рассмотрении";1250849;"29.06.2026 в 21:30"
428;1;"—";202;"58 67 67";10;"На рассмотрении";965695;"29.06.2026 в 07:53"
429;1;"—";201;"70 70 61";0;"На рассмотрении";1170407;"27.06.2026 в 14:36"
430;5;"—";200;"64 72 64";0;"На рассмотрении";1332515;"30.06.2026 в 15:17"
431;2;"—";200;"70 67 63";0;"На рассмотрении";1429472;"01.07.2026 в 18:40"
432;5;"—";200;"78 62 60";0;"На рассмотрении";1484541;"02.07.2026 в 14:12"
433;4;"—";199;"70 54 75";0;"Передано в вуз";1633321;"05.07.2026 в 11:59"
434;2;"—";198;"74 54 70";0;"На рассмотрении";1246993;"29.06.2026 в 21:26"
435;2;"—";198;"64 62 72";0;"На рассмотрении";1350763;"01.07.2026 в 08:35"
436;3;"—";198;"70 83 45";0;"Передано в вуз";1636488;"05.07.2026 в 13:40"
437;1;"—";198;"70 59 66";3;"На рассмотрении";1280020;"29.06.2026 в 21:59"
438;5;"—";197;"58 70 69";0;"На рассмотрении";1184836;"28.06.2026 в 10:31"
439;1;"—";197;"70 54 73";0;"На рассмотрении";1351337;"30.06.2026 в 18:30"
440;2;"—";197;"74 59 64";0;"На рассмотрении";1561863;"03.07.2026 в 17:58"
441;1;"—";197;"64 56 73";4;"На рассмотрении";1240946;"29.06.2026 в 21:19"
442;5;"—";195;"64 48 83";0;"На рассмотрении";1191355;"28.06.2026 в 13:02"
443;3;"—";195;"64 70 61";0;"На рассмотрении";1490209;"02.07.2026 в 15:02"
444;4;"—";195;"70 62 63";0;"На рассмотрении";1493357;"02.07.2026 в 15:35"
445;3;"—";195;"74 67 54";0;"На рассмотрении";1546264;"03.07.2026 в 16:34"
446;4;"—";195;"74 51 70";0;"Передано в вуз";1633985;"05.07.2026 в 12:23"
447;5;"—";194;"72 59 63";0;"На рассмотрении";1477737;"02.07.2026 в 13:09"
448;3;"—";194;"58 72 64";0;"На рассмотрении";1486468;"02.07.2026 в 14:37"
449;4;"—";193;"64 74 55";0;"На рассмотрении";1187333;"28.06.2026 в 11:06"
450;2;"—";193;"64 56 73";0;"На рассмотрении";1532717;"03.07.2026 в 09:59"
451;4;"—";192;"70 67 55";0;"На рассмотрении";1187394;"28.06.2026 в 11:08"
452;5;"—";192;"64 62 66";0;"На рассмотрении";1317131;"30.06.2026 в 12:21"
453;2;"—";192;"74 51 67";0;"Конкурсная группа исключена";1433894;"01.07.2026 в 19:58"
454;5;"—";192;"76 46 70";0;"На рассмотрении";1501446;"02.07.2026 в 17:05"
455;5;"—";191;"86 54 51";0;"На рассмотрении";1198971;"28.06.2026 в 16:00"
456;5;"—";191;"76 54 61";0;"На рассмотрении";1242698;"29.06.2026 в 21:21"
457;3;"—";191;"58 67 66";0;"На рассмотрении";1268660;"30.06.2026 в 07:55"
458;1;"—";191;"72 58 61";0;"На рассмотрении";1403696;"01.07.2026 в 13:51"
459;5;"—";191;"58 64 69";0;"На рассмотрении";1422189;"01.07.2026 в 16:51"
460;1;"—";190;"72 48 70";0;"На рассмотрении";1140911;"26.06.2026 в 11:42"
461;1;"—";190;"64 51 75";0;"На рассмотрении";1345258;"30.06.2026 в 16:58"
462;4;"—";190;"58 54 78";0;"На рассмотрении";1522050;"03.07.2026 в 19:56"
463;5;"—";189;"70 59 60";0;"На рассмотрении";997040;"21.06.2026 в 15:39"
464;3;"—";189;"70 62 57";0;"На рассмотрении";1175680;"27.06.2026 в 18:13"
465;6;"—";189;"58 64 67";0;"На рассмотрении";1344342;"30.06.2026 в 16:46"
466;4;"—";189;"64 59 66";0;"На рассмотрении";1405856;"01.07.2026 в 14:12"
467;5;"—";189;"72 56 61";0;"Участвуете в конкурсе";1408918;"01.07.2026 в 14:38"
468;1;"—";189;"72 51 66";0;"На рассмотрении";1420158;"01.07.2026 в 16:27"
469;1;"—";189;"72 51 66";0;"На рассмотрении";1623056;"04.07.2026 в 20:19"
470;1;"—";188;"70 51 67";0;"На рассмотрении";1300226;"30.06.2026 в 09:17"
471;2;"—";188;"70 64 54";0;"На рассмотрении";1445599;"02.07.2026 в 00:44"
472;5;"—";187;"70 54 63";0;"На рассмотрении";1183937;"28.06.2026 в 09:00"
473;2;"—";187;"64 72 51";0;"На рассмотрении";1302410;"04.07.2026 в 08:46"
474;4;"—";186;"58 59 69";0;"На рассмотрении";1088064;"01.07.2026 в 15:28"
475;4;"—";186;"58 70 58";0;"На рассмотрении";1176870;"27.06.2026 в 19:04"
476;2;"—";186;"64 70 52";0;"Конкурсная группа исключена";1183104;"02.07.2026 в 20:12"
477;4;"—";186;"70 59 57";0;"На рассмотрении";1206985;"01.07.2026 в 19:31"
478;5;"—";186;"52 67 67";0;"На рассмотрении";1449559;"02.07.2026 в 07:07"
479;1;"—";186;"72 72 42";0;"На рассмотрении";1491545;"02.07.2026 в 15:18"
480;3;"Электронное";186;"64 58 64";0;"На рассмотрении";1523640;"03.07.2026 в 04:57"
481;2;"—";186;"70 48 63";5;"На рассмотрении";998689;"21.06.2026 в 17:01"
482;1;"—";185;"70 48 67";0;"На рассмотрении";1240272;"03.07.2026 в 10:25"
483;1;"—";184;"70 51 63";0;"Конкурсная группа исключена";1046174;"23.06.2026 в 07:15"
484;3;"—";184;"70 56 58";0;"На рассмотрении";1480445;"02.07.2026 в 13:34"
485;6;"—";183;"58 64 61";0;"На рассмотрении";1306114;"30.06.2026 в 10:35"
486;4;"—";183;"70 62 51";0;"Конкурсная группа исключена";1337889;"30.06.2026 в 15:34"
487;1;"—";183;"64 62 57";0;"На рассмотрении";1373076;"01.07.2026 в 12:02"
488;1;"—";182;"72 46 64";0;"На рассмотрении";1414835;"01.07.2026 в 15:32"
489;3;"—";182;"64 54 64";0;"На рассмотрении";1575082;"03.07.2026 в 18:56"
490;5;"—";182;"64 48 60";10;"На рассмотрении";1242708;"29.06.2026 в 21:21"
491;2;"—";181;"64 59 58";0;"На рассмотрении";1156609;"04.07.2026 в 09:15"
492;2;"—";181;"64 59 58";0;"Конкурсная группа исключена";1529848;"03.07.2026 в 09:19"
493;3;"—";181;"72 58 51";0;"На рассмотрении";1598583;"04.07.2026 в 12:56"
494;1;"—";180;"64 59 57";0;"На рассмотрении";1241749;"29.06.2026 в 21:20"
495;4;"—";180;"58 59 63";0;"На рассмотрении";1244338;"29.06.2026 в 21:23"
496;4;"—";180;"52 62 66";0;"На рассмотрении";1289961;"02.07.2026 в 10:04"
497;1;"—";178;"64 48 66";0;"На рассмотрении";1045694;"23.06.2026 в 06:52"
498;1;"—";178;"64 51 63";0;"На рассмотрении";1276244;"29.06.2026 в 21:58"
499;1;"—";178;"58 54 66";0;"На рассмотрении";1375141;"01.07.2026 в 09:08"
500;4;"—";178;"64 54 60";0;"На рассмотрении";1423309;"01.07.2026 в 17:06"
501;1;"—";178;"76 51 51";0;"На рассмотрении";1486402;"02.07.2026 в 14:37"
502;4;"—";178;"64 48 66";0;"На рассмотрении";1555943;"03.07.2026 в 17:24"
503;4;"—";177;"72 59 46";0;"На рассмотрении";1490359;"02.07.2026 в 15:04"
504;1;"—";175;"52 48 75";0;"На рассмотрении";1531591;"03.07.2026 в 09:44"
505;1;"—";173;"64 51 58";0;"На рассмотрении";1214460;"02.07.2026 в 10:20"
506;3;"—";173;"52 58 63";0;"На рассмотрении";1254618;"29.06.2026 в 21:35"
507;1;"—";173;"46 54 73";0;"На рассмотрении";1482884;"02.07.2026 в 13:56"
508;1;"—";171;"58 62 51";0;"На рассмотрении";1244975;"29.06.2026 в 21:24"
509;5;"—";171;"70 46 55";0;"На рассмотрении";1254008;"29.06.2026 в 21:34"
510;3;"—";171;"64 46 61";0;"На рассмотрении";1254851;"29.06.2026 в 21:35"
511;1;"—";171;"74 46 51";0;"На рассмотрении";1616707;"04.07.2026 в 16:51"
512;2;"—";170;"72 56 42";0;"На рассмотрении";1418907;"01.07.2026 в 16:13"
513;3;"—";169;"64 56 49";0;"Участвуете в конкурсе";949620;"02.07.2026 в 12:09"
514;1;"—";169;"58 59 52";0;"На рассмотрении";1526437;"03.07.2026 в 07:53"
515;1;"—";168;"58 64 46";0;"На рассмотрении";944211;"04.07.2026 в 11:04"
516;1;"—";167;"40 67 60";0;"На рассмотрении";1601357;"04.07.2026 в 11:55"
517;3;"—";167;"46 48 73";0;"Передано в вуз";1636165;"05.07.2026 в 13:31"
518;3;"—";166;"64 51 51";0;"Конкурсная группа исключена";1335681;"30.06.2026 в 15:22"
519;1;"—";164;"52 54 58";0;"На рассмотрении";1294285;"30.06.2026 в 18:35"
520;3;"—";164;"58 48 58";0;"На рассмотрении";1304524;"30.06.2026 в 11:59"
521;3;"—";164;"58 48 58";0;"На рассмотрении";1589385;"04.07.2026 в 07:40"
522;5;"—";163;"82 81";0;"Конкурсная группа исключена";832645;"20.06.2026 в 09:05"
523;5;"—";163;"58 56 49";0;"На рассмотрении";1172206;"03.07.2026 в 17:14"
524;5;"—";161;"58 43 60";0;"На рассмотрении";1185992;"28.06.2026 в 10:14"
525;6;"Электронное";161;"58 48 55";0;"На рассмотрении";1255308;"30.06.2026 в 11:47"
526;5;"—";160;"58 54 48";0;"На рассмотрении";1184648;"28.06.2026 в 08:57"
527;2;"—";160;"58 51 51";0;"На рассмотрении";1332875;"30.06.2026 в 15:18"
528;5;"—";159;"52 64 43";0;"На рассмотрении";1238079;"29.06.2026 в 21:16"
529;3;"—";158;"46 40 72";0;"На рассмотрении";1187887;"28.06.2026 в 11:50"
530;1;"—";157;"58 54 45";0;"На рассмотрении";1164511;"27.06.2026 в 11:21"
531;1;"—";157;"46 48 63";0;"На рассмотрении";1622039;"04.07.2026 в 19:40"
532;4;"—";157;"52 64 40";1;"Участвуете в конкурсе";1190513;"28.06.2026 в 12:41"
533;4;"—";156;"58 49 49";0;"На рассмотрении";1173762;"30.06.2026 в 19:03"
534;3;"—";156;"64 46 46";0;"На рассмотрении";1243383;"29.06.2026 в 21:22"
535;1;"Электронное";156;"52 49 51";4;"Участвуете в конкурсе";1191620;"28.06.2026 в 13:45"
536;5;"—";155;"58 51 46";0;"На рассмотрении";1418139;"01.07.2026 в 17:44"
537;3;"—";155;"52 51 52";0;"На рассмотрении";1576250;"03.07.2026 в 19:03"
538;5;"—";153;"46 56 51";0;"На рассмотрении";1349477;"30.06.2026 в 17:59"
539;1;"—";153;"46 46 61";0;"На рассмотрении";1577020;"03.07.2026 в 19:07"
540;3;"—";152;"58 51 43";0;"На рассмотрении";1345133;"02.07.2026 в 14:05"
541;3;"—";152;"58 40 54";0;"На рассмотрении";1511585;"02.07.2026 в 19:59"
542;2;"—";152;"46 51 55";0;"На рассмотрении";1535990;"03.07.2026 в 17:47"
543;1;"—";151;"40 51 60";0;"На рассмотрении";1306893;"30.06.2026 в 10:43"
544;1;"—";150;"52 44 54";0;"На рассмотрении";1328951;"01.07.2026 в 21:09"
545;5;"—";148;"40 54 54";0;"Участвуете в конкурсе";1166150;"27.06.2026 в 12:11"
546;2;"—";147;"46 46 55";0;"На рассмотрении";1314695;"30.06.2026 в 11:58"
547;4;"—";147;"52 56 39";0;"На рассмотрении";1343651;"30.06.2026 в 17:14"
548;4;"—";147;"46 43 58";0;"На рассмотрении";1459132;"02.07.2026 в 10:16"
549;1;"—";146;"46 48 52";0;"Передано в вуз";1405423;"05.07.2026 в 08:20"
550;3;"—";145;"52 48 45";0;"На рассмотрении";1005852;"22.06.2026 в 03:41"
551;4;"—";145;"40 54 51";0;"На рассмотрении";1085854;"01.07.2026 в 11:05"
552;1;"—";145;"46 48 51";0;"На рассмотрении";1217783;"29.06.2026 в 21:04"
553;2;"—";144;"40 46 58";0;"На рассмотрении";1614983;"04.07.2026 в 16:07"
554;2;"—";143;"82 61";0;"На рассмотрении";1620239;"04.07.2026 в 18:39"
555;1;"—";140;"46 40 54";0;"На рассмотрении";1063855;"24.06.2026 в 07:32"
556;3;"—";140;"40 46 54";0;"На рассмотрении";1508266;"02.07.2026 в 20:00"
557;1;"—";136;"27 40 69";0;"На рассмотрении";1345313;"30.06.2026 в 16:58"
558;1;"—";134;"46 27 61";0;"На рассмотрении";1322612;"30.06.2026 в 13:16"
559;1;"Электронное";132;"34 43 55";0;"На рассмотрении";1373870;"01.07.2026 в 08:40"
560;4;"—";125;"34 33 58";0;"На рассмотрении";1426440;"01.07.2026 в 17:51"
561;2;"—";124;"46 20 58";0;"На рассмотрении";974119;"20.06.2026 в 16:41"
562;4;"—";116;"58 58";0;"На рассмотрении";1192721;"29.06.2026 в 21:39"
563;3;"—";0;"";0;"На рассмотрении";939828;"20.06.2026 в 05:21"
564;1;"Электронное";0;"";0;"На рассмотрении";940286;"20.06.2026 в 05:50"
565;1;"—";0;"";0;"На рассмотрении";972068;"01.07.2026 в 08:37"
566;1;"—";0;"";0;"На рассмотрении";973065;"20.06.2026 в 15:42"
567;4;"—";0;"";0;"На рассмотрении";975280;"20.06.2026 в 17:23"
568;4;"—";0;"";0;"На рассмотрении";993025;"22.06.2026 в 07:54"
569;4;"—";0;"";0;"На рассмотрении";1001692;"21.06.2026 в 19:53"
570;2;"—";0;"";0;"На рассмотрении";1007361;"29.06.2026 в 12:04"
571;1;"—";0;"";0;"На рассмотрении";1023661;"22.06.2026 в 13:07"
572;4;"—";0;"";0;"На рассмотрении";1044973;"23.06.2026 в 04:55"
573;1;"—";0;"";0;"Конкурсная группа исключена";1048848;"23.06.2026 в 09:28"
574;4;"—";0;"";0;"На рассмотрении";1055779;"23.06.2026 в 18:51"
575;2;"—";0;"";0;"На рассмотрении";1071600;"23.06.2026 в 18:11"
576;1;"—";0;"";0;"На рассмотрении";1079764;"24.06.2026 в 06:51"
577;5;"—";0;"";0;"На рассмотрении";1108046;"25.06.2026 в 04:07"
578;4;"—";0;"";0;"На рассмотрении";1111720;"27.06.2026 в 08:58"
579;3;"Бумажное";0;"";0;"На рассмотрении";1124020;"30.06.2026 в 09:18"
580;1;"Бумажное";0;"";0;"На рассмотрении";1135610;"26.06.2026 в 07:35"
581;6;"—";0;"";0;"На рассмотрении";1137264;"26.06.2026 в 09:19"
582;3;"Бумажное";0;"";0;"Ожидаются результаты испытаний";1139063;"26.06.2026 в 10:20"
583;2;"Бумажное";0;"";0;"На рассмотрении";1139891;"26.06.2026 в 10:50"
584;3;"Бумажное";0;"";0;"На рассмотрении";1159880;"27.06.2026 в 06:46"
585;4;"Электронное";0;"";0;"На рассмотрении";1188028;"28.06.2026 в 11:28"
586;5;"—";0;"";0;"На рассмотрении";1209873;"28.06.2026 в 20:49"
587;2;"—";0;"";0;"На рассмотрении";1217887;"29.06.2026 в 21:24"
588;5;"Бумажное";0;"";0;"На рассмотрении";1225034;"29.06.2026 в 10:26"
589;4;"—";0;"";0;"На рассмотрении";1227586;"29.06.2026 в 11:50"
590;1;"—";0;"";0;"На рассмотрении";1229393;"29.06.2026 в 12:50"
591;5;"Бумажное";0;"";0;"На рассмотрении";1230241;"02.07.2026 в 08:14"
592;2;"—";0;"";0;"На рассмотрении";1247234;"29.06.2026 в 21:26"
593;1;"—";0;"";0;"На рассмотрении";1269353;"29.06.2026 в 21:54"
594;5;"Бумажное";0;"";0;"На рассмотрении";1294120;"30.06.2026 в 05:46"
595;5;"Бумажное";0;"";0;"На рассмотрении";1294452;"30.06.2026 в 06:10"
596;5;"—";0;"";0;"На рассмотрении";1294694;"30.06.2026 в 06:25"
597;4;"Бумажное";0;"";0;"На рассмотрении";1294853;"30.06.2026 в 06:33"
598;1;"Бумажное";0;"";0;"На рассмотрении";1295284;"30.06.2026 в 06:54"
599;5;"Бумажное";0;"";0;"На рассмотрении";1295493;"30.06.2026 в 07:05"
600;4;"—";0;"";0;"На рассмотрении";1295620;"30.06.2026 в 07:11"
601;2;"Бумажное";0;"";0;"На рассмотрении";1295672;"30.06.2026 в 07:14"
602;4;"—";0;"";0;"На рассмотрении";1296027;"30.06.2026 в 07:27"
603;4;"—";0;"";10;"На рассмотрении";1296576;"30.06.2026 в 07:46"
604;3;"—";0;"";0;"На рассмотрении";1297266;"30.06.2026 в 08:08"
605;3;"—";0;"";0;"На рассмотрении";1311866;"30.06.2026 в 11:31"
606;4;"—";0;"";0;"На рассмотрении";1318562;"30.06.2026 в 12:34"
607;4;"—";0;"";0;"На рассмотрении";1321053;"30.06.2026 в 12:58"
608;3;"—";0;"";0;"На рассмотрении";1321904;"30.06.2026 в 13:08"
609;2;"—";0;"";0;"На рассмотрении";1444393;"02.07.2026 в 21:03"
610;2;"Электронное";0;"";0;"На рассмотрении";1451329;"02.07.2026 в 08:10"
611;1;"—";0;"";0;"На рассмотрении";1456349;"02.07.2026 в 09:43"
612;4;"—";0;"";0;"На рассмотрении";1463420;"02.07.2026 в 10:58"
613;1;"—";0;"";0;"На рассмотрении";1499057;"02.07.2026 в 16:35"
614;4;"—";0;"";0;"На рассмотрении";1519522;"02.07.2026 в 23:57"
615;2;"—";0;"";0;"На рассмотрении";1528525;"03.07.2026 в 08:54"
616;1;"—";0;"";0;"На рассмотрении";1533885;"05.07.2026 в 07:15"
617;2;"—";0;"";0;"Конкурсная группа исключена";1578588;"03.07.2026 в 19:46"
618;2;"Электронное";0;"";0;"Передано в вуз";1639027;"05.07.2026 в 14:49"
619;2;"—";0;"";0;"Передано в вуз";1639276;"05.07.2026 в 14:56"
620;5;"—";0;"";0;"Передано в вуз";1639988;"05.07.2026 в 15:15"
621;2;"—";0;"";0;"Передано в вуз";1640158;"05.07.2026 в 15:20"
622;4;"—";0;"";0;"Передано в вуз";1641671;"05.07.2026 в 16:01"
623;1;"—";0;"";0;"Передано в вуз";1642168;"05.07.2026 в 16:14"